Position,Name + ID,Name,ID,Roster Position,Salary,Game Info,TeamAbbrev,AvgPointsPerGame
1B,Freddie Freeman (16631090),Freddie Freeman,16631090,1B,4500,TB@ATL 03/11/2021 01:05PM ET,ATL,10.88
2B,Ozzie Albies (16631091),Ozzie Albies,16631091,2B,4500,TB@ATL 03/11/2021 01:05PM ET,ATL,8.63
3B,Austin Riley (16631092),Austin Riley,16631092,3B,4500,TB@ATL 03/11/2021 01:05PM ET,ATL,6.36
SS,Dansby Swanson (16631093),Dansby Swanson,16631093,SS,4500,TB@ATL 03/11/2021 01:05PM ET,ATL,9.11
C,Alex Jackson (16631094),Alex Jackson,16631094,C,4500,TB@ATL 03/11/2021 01:05PM ET,ATL,1.6
C,William Contreras (16631095),William Contreras,16631095,C,4500,TB@ATL 03/11/2021 01:05PM ET,ATL,4
C,Travis d'Arnaud (16631096),Travis d'Arnaud,16631096,C,4500,TB@ATL 03/11/2021 01:05PM ET,ATL,8.59
OF,Phillip Ervin (16631097),Phillip Ervin,16631097,OF,4500,TB@ATL 03/11/2021 01:05PM ET,ATL,2.76
OF,Ronald Acuna Jr. (16631098),Ronald Acuna Jr.,16631098,OF,4500,TB@ATL 03/11/2021 01:05PM ET,ATL,10.62
OF,Cristian Pache (16631099),Cristian Pache,16631099,OF,4500,TB@ATL 03/11/2021 01:05PM ET,ATL,3.29
OF,Ender Inciarte (16631100),Ender Inciarte,16631100,OF,4500,TB@ATL 03/11/2021 01:05PM ET,ATL,3.91
OF,Abraham Almonte (16631101),Abraham Almonte,16631101,OF,4500,TB@ATL 03/11/2021 01:05PM ET,ATL,1.71
OF,Marcell Ozuna (16631102),Marcell Ozuna,16631102,OF,4500,TB@ATL 03/11/2021 01:05PM ET,ATL,10.51
OF,Guillermo Heredia (16631103),Guillermo Heredia,16631103,OF,4500,TB@ATL 03/11/2021 01:05PM ET,ATL,4.53
1B/3B,Jake Lamb (16631104),Jake Lamb,16631104,1B/3B,4500,TB@ATL 03/11/2021 01:05PM ET,ATL,4.03
3B/SS,Johan Camargo (16631106),Johan Camargo,16631106,3B/SS,4500,TB@ATL 03/11/2021 01:05PM ET,ATL,4.97
SP,Touki Toussaint (16631108),Touki Toussaint,16631108,P,4500,TB@ATL 03/11/2021 01:05PM ET,ATL,5.42
SP,Sean Newcomb (16631109),Sean Newcomb,16631109,P,4500,TB@ATL 03/11/2021 01:05PM ET,ATL,-0.16
SP,Max Fried (16631110),Max Fried,16631110,P,4500,TB@ATL 03/11/2021 01:05PM ET,ATL,16.78
SP,Kyle Muller (16631111),Kyle Muller,16631111,P,4500,TB@ATL 03/11/2021 01:05PM ET,ATL,0
SP,Charlie Morton (16631112),Charlie Morton,16631112,P,4500,TB@ATL 03/11/2021 01:05PM ET,ATL,13.79
SP,Tyler Matzek (16631113),Tyler Matzek,16631113,P,4500,TB@ATL 03/11/2021 01:05PM ET,ATL,6.16
SP,Huascar Ynoa (16631114),Huascar Ynoa,16631114,P,4500,TB@ATL 03/11/2021 01:05PM ET,ATL,4.54
SP,Ian Anderson (16631115),Ian Anderson,16631115,P,4500,TB@ATL 03/11/2021 01:05PM ET,ATL,21.20
SP,Bryse Wilson (16631116),Bryse Wilson,16631116,P,4500,TB@ATL 03/11/2021 01:05PM ET,ATL,8.96
SP,Kyle Wright (16631117),Kyle Wright,16631117,P,4500,TB@ATL 03/11/2021 01:05PM ET,ATL,8.53
SP,Mike Soroka (16631118),Mike Soroka,16631118,P,4500,TB@ATL 03/11/2021 01:05PM ET,ATL,7.78
SP,Josh Tomlin (16631119),Josh Tomlin,16631119,P,4500,TB@ATL 03/11/2021 01:05PM ET,ATL,5.44
SP,Drew Smyly (16631120),Drew Smyly,16631120,P,4500,TB@ATL 03/11/2021 01:05PM ET,ATL,15.12
SP,Tucker Davidson (16631121),Tucker Davidson,16631121,P,4500,TB@ATL 03/11/2021 01:05PM ET,ATL,-0.45
RP,Grant Dayton (16631122),Grant Dayton,16631122,P,4500,TB@ATL 03/11/2021 01:05PM ET,ATL,4.50
RP,Chris Martin (16631123),Chris Martin,16631123,P,4500,TB@ATL 03/11/2021 01:05PM ET,ATL,3.5
RP,A.J. Minter (16631124),A.J. Minter,16631124,P,4500,TB@ATL 03/11/2021 01:05PM ET,ATL,4.18
RP,Patrick Weigel (16631125),Patrick Weigel,16631125,P,4500,TB@ATL 03/11/2021 01:05PM ET,ATL,-5.5
RP,Chad Sobotka (16631126),Chad Sobotka,16631126,P,4500,TB@ATL 03/11/2021 01:05PM ET,ATL,-0.64
RP,Jacob Webb (16631127),Jacob Webb,16631127,P,4500,TB@ATL 03/11/2021 01:05PM ET,ATL,3.99
RP,Jasseel De La Cruz (16631128),Jasseel De La Cruz,16631128,P,4500,TB@ATL 03/11/2021 01:05PM ET,ATL,0
RP,Victor Arano (16631129),Victor Arano,16631129,P,4500,TB@ATL 03/11/2021 01:05PM ET,ATL,0
RP,Luke Jackson (16631130),Luke Jackson,16631130,P,4500,TB@ATL 03/11/2021 01:05PM ET,ATL,1.83
RP,Will Smith (16631131),Will Smith,16631131,P,4500,TB@ATL 03/11/2021 01:05PM ET,ATL,3.26
1B,Bryce Ball (16631132),Bryce Ball,16631132,1B,4500,TB@ATL 03/11/2021 01:05PM ET,ATL,0
1B,Pablo Sandoval (16631133),Pablo Sandoval,16631133,1B,4500,TB@ATL 03/11/2021 01:05PM ET,ATL,2.84
2B,Jason Kipnis (16631134),Jason Kipnis,16631134,2B,4500,TB@ATL 03/11/2021 01:05PM ET,ATL,4.91
SS,Ryan Goins (16631135),Ryan Goins,16631135,SS,4500,TB@ATL 03/11/2021 01:05PM ET,ATL,0.71
SS,Braden Shewmake (16631136),Braden Shewmake,16631136,SS,4500,TB@ATL 03/11/2021 01:05PM ET,ATL,0
C,Jonathan Morales (16631137),Jonathan Morales,16631137,C,4500,TB@ATL 03/11/2021 01:05PM ET,ATL,0
C,Shea Langeliers (16631138),Shea Langeliers,16631138,C,4500,TB@ATL 03/11/2021 01:05PM ET,ATL,0
OF,Michael Harris (16631139),Michael Harris,16631139,OF,4500,TB@ATL 03/11/2021 01:05PM ET,ATL,0
OF,Travis Demeritte (16631140),Travis Demeritte,16631140,OF,4500,TB@ATL 03/11/2021 01:05PM ET,ATL,2.39
OF,Trey Harris (16631141),Trey Harris,16631141,OF,4500,TB@ATL 03/11/2021 01:05PM ET,ATL,0
OF,Drew Waters (16631142),Drew Waters,16631142,OF,4500,TB@ATL 03/11/2021 01:05PM ET,ATL,0
3B/SS,Ehire Adrianza (16631143),Ehire Adrianza,16631143,3B/SS,4500,TB@ATL 03/11/2021 01:05PM ET,ATL,2.73
RP,Carl Edwards Jr. (16631145),Carl Edwards Jr.,16631145,P,4500,TB@ATL 03/11/2021 01:05PM ET,ATL,3.74
C,Logan Brown (16631146),Logan Brown,16631146,C,4500,TB@ATL 03/11/2021 01:05PM ET,ATL,0
RP,Nate Jones (16631147),Nate Jones,16631147,P,4500,TB@ATL 03/11/2021 01:05PM ET,ATL,2.01
RP,Thomas Burrows (16631148),Thomas Burrows,16631148,P,4500,TB@ATL 03/11/2021 01:05PM ET,ATL,0
RP,Philip Pfeifer (16631149),Philip Pfeifer,16631149,P,4500,TB@ATL 03/11/2021 01:05PM ET,ATL,0
RP,Fernando Abad (16631150),Fernando Abad,16631150,P,4500,TB@ATL 03/11/2021 01:05PM ET,ATL,0
1B,Ji-Man Choi (16631151),Ji-Man Choi,16631151,1B,4500,TB@ATL 03/11/2021 01:05PM ET,TB,5.45
2B,Vidal Brujan (16631152),Vidal Brujan,16631152,2B,4500,TB@ATL 03/11/2021 01:05PM ET,TB,0
2B,Joey Wendle (16631153),Joey Wendle,16631153,2B,4500,TB@ATL 03/11/2021 01:05PM ET,TB,6.11
2B,Brandon Lowe (16631154),Brandon Lowe,16631154,2B,4500,TB@ATL 03/11/2021 01:05PM ET,TB,7.87
3B,Kevin Padlo (16631155),Kevin Padlo,16631155,3B,4500,TB@ATL 03/11/2021 01:05PM ET,TB,0
SS,Taylor Walls (16631156),Taylor Walls,16631156,SS,4500,TB@ATL 03/11/2021 01:05PM ET,TB,0
SS,Willy Adames (16631157),Willy Adames,16631157,SS,4500,TB@ATL 03/11/2021 01:05PM ET,TB,6.32
C,Francisco Mejia (16631158),Francisco Mejia,16631158,C,4500,TB@ATL 03/11/2021 01:05PM ET,TB,2.24
C,Mike Zunino (16631159),Mike Zunino,16631159,C,4500,TB@ATL 03/11/2021 01:05PM ET,TB,4.38
OF,Kevin Kiermaier (16631160),Kevin Kiermaier,16631160,OF,4500,TB@ATL 03/11/2021 01:05PM ET,TB,5.98
OF,Manuel Margot (16631161),Manuel Margot,16631161,OF,4500,TB@ATL 03/11/2021 01:05PM ET,TB,6.62
OF,Brett Phillips (16631162),Brett Phillips,16631162,OF,4500,TB@ATL 03/11/2021 01:05PM ET,TB,3.21
OF,Austin Meadows (16631163),Austin Meadows,16631163,OF,4500,TB@ATL 03/11/2021 01:05PM ET,TB,5.60
OF,Randy Arozarena (16631164),Randy Arozarena,16631164,OF,4500,TB@ATL 03/11/2021 01:05PM ET,TB,10.54
OF,Josh Lowe (16631165),Josh Lowe,16631165,OF,4500,TB@ATL 03/11/2021 01:05PM ET,TB,0
1B/3B,Yandy Diaz (16631166),Yandy Diaz,16631166,1B/3B,4500,TB@ATL 03/11/2021 01:05PM ET,TB,6.02
2B/3B,Mike Brosseau (16631168),Mike Brosseau,16631168,2B/3B,4500,TB@ATL 03/11/2021 01:05PM ET,TB,4.84
3B/OF,Yoshi Tsutsugo (16631170),Yoshi Tsutsugo,16631170,3B/OF,4500,TB@ATL 03/11/2021 01:05PM ET,TB,5.52
SP,Cody Reed (16631172),Cody Reed,16631172,P,4500,TB@ATL 03/11/2021 01:05PM ET,TB,2.46
SP,Josh Fleming (16631173),Josh Fleming,16631173,P,4500,TB@ATL 03/11/2021 01:05PM ET,TB,11.77
SP,Brent Honeywell Jr. (16631174),Brent Honeywell Jr.,16631174,P,4500,TB@ATL 03/11/2021 01:05PM ET,TB,0
SP,Rich Hill (16631175),Rich Hill,16631175,P,4500,TB@ATL 03/11/2021 01:05PM ET,TB,12.92
SP,Chris Archer (16631176),Chris Archer,16631176,P,4500,TB@ATL 03/11/2021 01:05PM ET,TB,0
SP,Michael Wacha (16631177),Michael Wacha,16631177,P,4500,TB@ATL 03/11/2021 01:05PM ET,TB,8.94
SP,Tyler Glasnow (16631178),Tyler Glasnow,16631178,P,4500,TB@ATL 03/11/2021 01:05PM ET,TB,19.22
SP,Trevor Richards (16631179),Trevor Richards,16631179,P,4500,TB@ATL 03/11/2021 01:05PM ET,TB,5.67
SP,Drew Strotman (16631180),Drew Strotman,16631180,P,4500,TB@ATL 03/11/2021 01:05PM ET,TB,0
SP,Brendan McKay (16631181),Brendan McKay,16631181,P,4500,TB@ATL 03/11/2021 01:05PM ET,TB,0
SP,Ryan Yarbrough (16631182),Ryan Yarbrough,16631182,P,4500,TB@ATL 03/11/2021 01:05PM ET,TB,9.74
RP,Diego Castillo (16631183),Diego Castillo,16631183,P,4500,TB@ATL 03/11/2021 01:05PM ET,TB,3.88
RP,Collin McHugh (16631184),Collin McHugh,16631184,P,4500,TB@ATL 03/11/2021 01:05PM ET,TB,0
RP,Luis Patino (16631185),Luis Patino,16631185,P,4500,TB@ATL 03/11/2021 01:05PM ET,TB,3.73
RP,Chaz Roe (16631186),Chaz Roe,16631186,P,4500,TB@ATL 03/11/2021 01:05PM ET,TB,3.26
RP,Pete Fairbanks (16631187),Pete Fairbanks,16631187,P,4500,TB@ATL 03/11/2021 01:05PM ET,TB,4.54
RP,Chris Mazza (16631188),Chris Mazza,16631188,P,4500,TB@ATL 03/11/2021 01:05PM ET,TB,7.43
RP,Jeffrey Springs (16631189),Jeffrey Springs,16631189,P,4500,TB@ATL 03/11/2021 01:05PM ET,TB,2.93
RP,Shane McClanahan (16631190),Shane McClanahan,16631190,P,4500,TB@ATL 03/11/2021 01:05PM ET,TB,0.94
RP,Ryan Sherriff (16631191),Ryan Sherriff,16631191,P,4500,TB@ATL 03/11/2021 01:05PM ET,TB,2.57
RP,Nick Anderson (16631192),Nick Anderson,16631192,P,4500,TB@ATL 03/11/2021 01:05PM ET,TB,3.96
RP,Ryan Thompson (16631193),Ryan Thompson,16631193,P,4500,TB@ATL 03/11/2021 01:05PM ET,TB,2.67
2B,Esteban Quiroz (16631194),Esteban Quiroz,16631194,2B,4500,TB@ATL 03/11/2021 01:05PM ET,TB,0
SS,Wander Franco (16631195),Wander Franco,16631195,SS,4500,TB@ATL 03/11/2021 01:05PM ET,TB,0
SS,Xavier Edwards (16631196),Xavier Edwards,16631196,SS,4500,TB@ATL 03/11/2021 01:05PM ET,TB,0
C,Kevan Smith (16631197),Kevan Smith,16631197,C,4500,TB@ATL 03/11/2021 01:05PM ET,TB,4.18
OF,Garrett Whitley (16631198),Garrett Whitley,16631198,OF,4500,TB@ATL 03/11/2021 01:05PM ET,TB,0
OF,Moises Gomez (16631199),Moises Gomez,16631199,OF,4500,TB@ATL 03/11/2021 01:05PM ET,TB,0
SP,Dietrich Enns (16631200),Dietrich Enns,16631200,P,4500,TB@ATL 03/11/2021 01:05PM ET,TB,0
SP,David Hess (16631201),David Hess,16631201,P,4500,TB@ATL 03/11/2021 01:05PM ET,TB,0.18
RP,Yacksel Rios (16631202),Yacksel Rios,16631202,P,4500,TB@ATL 03/11/2021 01:05PM ET,TB,1.13
RP,Andrew Kittredge (16631203),Andrew Kittredge,16631203,P,4500,TB@ATL 03/11/2021 01:05PM ET,TB,1.75
RP,Hunter Strickland (16631204),Hunter Strickland,16631204,P,4500,TB@ATL 03/11/2021 01:05PM ET,TB,1.48
RP,Chris Ellis (16631205),Chris Ellis,16631205,P,4500,TB@ATL 03/11/2021 01:05PM ET,TB,0
SS,Greg Jones (16631206),Greg Jones,16631206,SS,4500,TB@ATL 03/11/2021 01:05PM ET,TB,0
C,Joseph Odom (16631207),Joseph Odom,16631207,C,4500,TB@ATL 03/11/2021 01:05PM ET,TB,1.72
SP,Joe Ryan (16631208),Joe Ryan,16631208,P,4500,TB@ATL 03/11/2021 01:05PM ET,TB,0
RP,Brian Moran (16631209),Brian Moran,16631209,P,4500,TB@ATL 03/11/2021 01:05PM ET,TB,1.61
SP,Shane Baz (16631210),Shane Baz,16631210,P,4500,TB@ATL 03/11/2021 01:05PM ET,TB,0
RP,Joey Krehbiel (16631211),Joey Krehbiel,16631211,P,4500,TB@ATL 03/11/2021 01:05PM ET,TB,0
1B,Ryan Zimmerman (16631212),Ryan Zimmerman,16631212,1B,4500,WAS@MIA 03/11/2021 01:05PM ET,WAS,0
1B,Josh Bell (16631213),Josh Bell,16631213,1B,4500,WAS@MIA 03/11/2021 01:05PM ET,WAS,5.79
2B,Starlin Castro (16631214),Starlin Castro,16631214,2B,4500,WAS@MIA 03/11/2021 01:05PM ET,WAS,6.56
2B,Josh Harrison (16631215),Josh Harrison,16631215,2B,4500,WAS@MIA 03/11/2021 01:05PM ET,WAS,5.03
3B,Jake Noll (16631216),Jake Noll,16631216,3B,4500,WAS@MIA 03/11/2021 01:05PM ET,WAS,3.43
3B,Carter Kieboom (16631217),Carter Kieboom,16631217,3B,4500,WAS@MIA 03/11/2021 01:05PM ET,WAS,4.67
SS,Yasel Antuna (16631218),Yasel Antuna,16631218,SS,4500,WAS@MIA 03/11/2021 01:05PM ET,WAS,0
SS,Trea Turner (16631219),Trea Turner,16631219,SS,4500,WAS@MIA 03/11/2021 01:05PM ET,WAS,11.02
SS,Luis Garcia (16631220),Luis Garcia,16631220,SS,4500,WAS@MIA 03/11/2021 01:05PM ET,WAS,5.5
C,Alex Avila (16631221),Alex Avila,16631221,C,4500,WAS@MIA 03/11/2021 01:05PM ET,WAS,3.33
C,Yan Gomes (16631222),Yan Gomes,16631222,C,4500,WAS@MIA 03/11/2021 01:05PM ET,WAS,7.03
C,Tres Barrera (16631223),Tres Barrera,16631223,C,4500,WAS@MIA 03/11/2021 01:05PM ET,WAS,0
OF,Juan Soto (16631224),Juan Soto,16631224,OF,4500,WAS@MIA 03/11/2021 01:05PM ET,WAS,11.64
OF,Yadiel Hernandez (16631225),Yadiel Hernandez,16631225,OF,4500,WAS@MIA 03/11/2021 01:05PM ET,WAS,4
OF,Victor Robles (16631226),Victor Robles,16631226,OF,4500,WAS@MIA 03/11/2021 01:05PM ET,WAS,5.25
OF,Andrew Stevenson (16631227),Andrew Stevenson,16631227,OF,4500,WAS@MIA 03/11/2021 01:05PM ET,WAS,9.73
OF,Kyle Schwarber (16631228),Kyle Schwarber,16631228,OF,4500,WAS@MIA 03/11/2021 01:05PM ET,WAS,6.26
SP,Stephen Strasburg (16631229),Stephen Strasburg,16631229,P,4500,WAS@MIA 03/11/2021 01:05PM ET,WAS,-1.08
SP,Patrick Corbin (16631230),Patrick Corbin,16631230,P,4500,WAS@MIA 03/11/2021 01:05PM ET,WAS,13.27
SP,Joan Adon (16631231),Joan Adon,16631231,P,4500,WAS@MIA 03/11/2021 01:05PM ET,WAS,0
SP,Joe Ross (16631232),Joe Ross,16631232,P,4500,WAS@MIA 03/11/2021 01:05PM ET,WAS,0
SP,Jon Lester (16631233),Jon Lester,16631233,P,4500,WAS@MIA 03/11/2021 01:05PM ET,WAS,9.40
SP,Max Scherzer (16631234),Max Scherzer,16631234,P,4500,WAS@MIA 03/11/2021 01:05PM ET,WAS,20.47
SP,Rogelio Armenteros (16631235),Rogelio Armenteros,16631235,P,4500,WAS@MIA 03/11/2021 01:05PM ET,WAS,0
SP,Erick Fedde (16631236),Erick Fedde,16631236,P,4500,WAS@MIA 03/11/2021 01:05PM ET,WAS,7.82
RP,Daniel Hudson (16631237),Daniel Hudson,16631237,P,4500,WAS@MIA 03/11/2021 01:05PM ET,WAS,3.29
RP,Steven Fuentes (16631238),Steven Fuentes,16631238,P,4500,WAS@MIA 03/11/2021 01:05PM ET,WAS,0
RP,Austin Voth (16631239),Austin Voth,16631239,P,4500,WAS@MIA 03/11/2021 01:05PM ET,WAS,8.44
RP,Seth Romero (16631240),Seth Romero,16631240,P,4500,WAS@MIA 03/11/2021 01:05PM ET,WAS,1.07
RP,Sam Clay (16631241),Sam Clay,16631241,P,4500,WAS@MIA 03/11/2021 01:05PM ET,WAS,0
RP,Will Harris (16631242),Will Harris,16631242,P,4500,WAS@MIA 03/11/2021 01:05PM ET,WAS,2.59
RP,Ryne Harper (16631243),Ryne Harper,16631243,P,4500,WAS@MIA 03/11/2021 01:05PM ET,WAS,1.91
RP,Wander Suero (16631244),Wander Suero,16631244,P,4500,WAS@MIA 03/11/2021 01:05PM ET,WAS,3.52
RP,Ben Braymer (16631245),Ben Braymer,16631245,P,4500,WAS@MIA 03/11/2021 01:05PM ET,WAS,9.1
RP,Dakota Bacus (16631246),Dakota Bacus,16631246,P,4500,WAS@MIA 03/11/2021 01:05PM ET,WAS,0.52
RP,Kyle Finnegan (16631247),Kyle Finnegan,16631247,P,4500,WAS@MIA 03/11/2021 01:05PM ET,WAS,3.06
RP,Kyle McGowin (16631248),Kyle McGowin,16631248,P,4500,WAS@MIA 03/11/2021 01:05PM ET,WAS,4.48
RP,Tanner Rainey (16631249),Tanner Rainey,16631249,P,4500,WAS@MIA 03/11/2021 01:05PM ET,WAS,4.61
RP,Brad Hand (16631250),Brad Hand,16631250,P,4500,WAS@MIA 03/11/2021 01:05PM ET,WAS,3.8
3B,Brandon Snyder (16631251),Brandon Snyder,16631251,3B,4500,WAS@MIA 03/11/2021 01:05PM ET,WAS,0
3B,Drew Mendoza (16631252),Drew Mendoza,16631252,3B,4500,WAS@MIA 03/11/2021 01:05PM ET,WAS,0
SS,Jordy Mercer (16631253),Jordy Mercer,16631253,SS,4500,WAS@MIA 03/11/2021 01:05PM ET,WAS,2.22
C,Raudy Read (16631254),Raudy Read,16631254,C,4500,WAS@MIA 03/11/2021 01:05PM ET,WAS,0
C,Blake Swihart (16631255),Blake Swihart,16631255,C,4500,WAS@MIA 03/11/2021 01:05PM ET,WAS,0
OF,Carlos Tocci (16631256),Carlos Tocci,16631256,OF,4500,WAS@MIA 03/11/2021 01:05PM ET,WAS,0
OF,Yasmany Tomas (16631257),Yasmany Tomas,16631257,OF,4500,WAS@MIA 03/11/2021 01:05PM ET,WAS,0
2B/3B,Adrian Sanchez (16631258),Adrian Sanchez,16631258,2B/3B,4500,WAS@MIA 03/11/2021 01:05PM ET,WAS,0
2B/3B,Hernan Perez (16631260),Hernan Perez,16631260,2B/3B,4500,WAS@MIA 03/11/2021 01:05PM ET,WAS,1
SP,Tyler Eppler (16631262),Tyler Eppler,16631262,P,4500,WAS@MIA 03/11/2021 01:05PM ET,WAS,0
RP,T.J. McFarland (16631263),T.J. McFarland,16631263,P,4500,WAS@MIA 03/11/2021 01:05PM ET,WAS,1.65
RP,Matt Cronin (16631264),Matt Cronin,16631264,P,4500,WAS@MIA 03/11/2021 01:05PM ET,WAS,0
RP,Javy Guerra (16631265),Javy Guerra,16631265,P,4500,WAS@MIA 03/11/2021 01:05PM ET,WAS,2.26
C,Israel Pineda (16631266),Israel Pineda,16631266,C,4500,WAS@MIA 03/11/2021 01:05PM ET,WAS,0
C,Jakson Reetz (16631267),Jakson Reetz,16631267,C,4500,WAS@MIA 03/11/2021 01:05PM ET,WAS,0
SP,Cade Cavalli (16631268),Cade Cavalli,16631268,P,4500,WAS@MIA 03/11/2021 01:05PM ET,WAS,0
SP,Tyler Dyson (16631269),Tyler Dyson,16631269,P,4500,WAS@MIA 03/11/2021 01:05PM ET,WAS,0
SP,Cole Henry (16631270),Cole Henry,16631270,P,4500,WAS@MIA 03/11/2021 01:05PM ET,WAS,0
SP,Paolo Espino (16631271),Paolo Espino,16631271,P,4500,WAS@MIA 03/11/2021 01:05PM ET,WAS,7.75
SP,Jackson Rutledge (16631272),Jackson Rutledge,16631272,P,4500,WAS@MIA 03/11/2021 01:05PM ET,WAS,0
RP,Luis Avilan (16631273),Luis Avilan,16631273,P,4500,WAS@MIA 03/11/2021 01:05PM ET,WAS,2.04
OF,Matt Szczur (16631274),Matt Szczur,16631274,OF,4500,WAS@MIA 03/11/2021 01:05PM ET,WAS,0
OF,Jose Siri (16631275),Jose Siri,16631275,OF,4500,WAS@MIA 03/11/2021 01:05PM ET,WAS,0
1B,Garrett Cooper (16631276),Garrett Cooper,16631276,1B,4500,WAS@MIA 03/11/2021 01:05PM ET,MIA,7.69
1B,Lewin Diaz (16631277),Lewin Diaz,16631277,1B,4500,WAS@MIA 03/11/2021 01:05PM ET,MIA,2.57
1B,Jesus Aguilar (16631278),Jesus Aguilar,16631278,1B,4500,WAS@MIA 03/11/2021 01:05PM ET,MIA,7.84
2B,Isan Diaz (16631279),Isan Diaz,16631279,2B,4500,WAS@MIA 03/11/2021 01:05PM ET,MIA,2.86
3B,Brian Anderson (16631280),Brian Anderson,16631280,3B,4500,WAS@MIA 03/11/2021 01:05PM ET,MIA,7.14
3B,Jose Devers (16631281),Jose Devers,16631281,3B,4500,WAS@MIA 03/11/2021 01:05PM ET,MIA,0
SS,Jazz Chisholm (16631282),Jazz Chisholm,16631282,SS,4500,WAS@MIA 03/11/2021 01:05PM ET,MIA,4.77
SS,Miguel Rojas (16631283),Miguel Rojas,16631283,SS,4500,WAS@MIA 03/11/2021 01:05PM ET,MIA,7.42
C,Jorge Alfaro (16631284),Jorge Alfaro,16631284,C,4500,WAS@MIA 03/11/2021 01:05PM ET,MIA,5.09
C,Chad Wallach (16631285),Chad Wallach,16631285,C,4500,WAS@MIA 03/11/2021 01:05PM ET,MIA,3.7
OF,Magneuris Sierra (16631286),Magneuris Sierra,16631286,OF,4500,WAS@MIA 03/11/2021 01:05PM ET,MIA,5.04
OF,Jerar Encarnacion (16631287),Jerar Encarnacion,16631287,OF,4500,WAS@MIA 03/11/2021 01:05PM ET,MIA,0
OF,Starling Marte (16631288),Starling Marte,16631288,OF,4500,WAS@MIA 03/11/2021 01:05PM ET,MIA,8.02
OF,Adam Duvall (16631289),Adam Duvall,16631289,OF,4500,WAS@MIA 03/11/2021 01:05PM ET,MIA,7.27
OF,Lewis Brinson (16631290),Lewis Brinson,16631290,OF,4500,WAS@MIA 03/11/2021 01:05PM ET,MIA,3.67
OF,Monte Harrison (16631291),Monte Harrison,16631291,OF,4500,WAS@MIA 03/11/2021 01:05PM ET,MIA,2.88
OF,Corey Dickerson (16631292),Corey Dickerson,16631292,OF,4500,WAS@MIA 03/11/2021 01:05PM ET,MIA,6.39
OF,Jesus Sanchez (16631293),Jesus Sanchez,16631293,OF,4500,WAS@MIA 03/11/2021 01:05PM ET,MIA,1.9
OF/SS,Jon Berti (16631294),Jon Berti,16631294,SS/OF,4500,WAS@MIA 03/11/2021 01:05PM ET,MIA,7.11
SP,Jordan Holloway (16631296),Jordan Holloway,16631296,P,4500,WAS@MIA 03/11/2021 01:05PM ET,MIA,-1.05
SP,Sandy Alcantara (16631297),Sandy Alcantara,16631297,P,4500,WAS@MIA 03/11/2021 01:05PM ET,MIA,17.8
SP,Pablo Lopez (16631298),Pablo Lopez,16631298,P,4500,WAS@MIA 03/11/2021 01:05PM ET,MIA,16.87
SP,Sixto Sanchez (16631299),Sixto Sanchez,16631299,P,4500,WAS@MIA 03/11/2021 01:05PM ET,MIA,13.98
SP,Nick Neidert (16631300),Nick Neidert,16631300,P,4500,WAS@MIA 03/11/2021 01:05PM ET,MIA,2.39
SP,Braxton Garrett (16631301),Braxton Garrett,16631301,P,4500,WAS@MIA 03/11/2021 01:05PM ET,MIA,9.72
SP,Jorge Guzman (16631302),Jorge Guzman,16631302,P,4500,WAS@MIA 03/11/2021 01:05PM ET,MIA,-4.15
RP,Zach Pop (16631303),Zach Pop,16631303,P,4500,WAS@MIA 03/11/2021 01:05PM ET,MIA,0
RP,Edward Cabrera (16631304),Edward Cabrera,16631304,P,4500,WAS@MIA 03/11/2021 01:05PM ET,MIA,0
RP,Elieser Hernandez (16631305),Elieser Hernandez,16631305,P,4500,WAS@MIA 03/11/2021 01:05PM ET,MIA,15.82
RP,John Curtiss (16631306),John Curtiss,16631306,P,4500,WAS@MIA 03/11/2021 01:05PM ET,MIA,4.30
RP,Yimi Garcia (16631307),Yimi Garcia,16631307,P,4500,WAS@MIA 03/11/2021 01:05PM ET,MIA,4.29
RP,Ross Detwiler (16631308),Ross Detwiler,16631308,P,4500,WAS@MIA 03/11/2021 01:05PM ET,MIA,3.08
RP,Trevor Rogers (16631309),Trevor Rogers,16631309,P,4500,WAS@MIA 03/11/2021 01:05PM ET,MIA,9.94
RP,Dylan Floro (16631310),Dylan Floro,16631310,P,4500,WAS@MIA 03/11/2021 01:05PM ET,MIA,2.91
RP,Paul Campbell (16631311),Paul Campbell,16631311,P,4500,WAS@MIA 03/11/2021 01:05PM ET,MIA,0
RP,Anthony Bass (16631312),Anthony Bass,16631312,P,4500,WAS@MIA 03/11/2021 01:05PM ET,MIA,2.78
RP,Richard Bleier (16631313),Richard Bleier,16631313,P,4500,WAS@MIA 03/11/2021 01:05PM ET,MIA,2.02
RP,Dan Castano (16631314),Dan Castano,16631314,P,4500,WAS@MIA 03/11/2021 01:05PM ET,MIA,7.16
RP,Adam Cimber (16631315),Adam Cimber,16631315,P,4500,WAS@MIA 03/11/2021 01:05PM ET,MIA,0.68
RP,James Hoyt (16631316),James Hoyt,16631316,P,4500,WAS@MIA 03/11/2021 01:05PM ET,MIA,2.61
3B,Joe Dunand (16631317),Joe Dunand,16631317,3B,4500,WAS@MIA 03/11/2021 01:05PM ET,MIA,0
C,Sandy Leon (16631318),Sandy Leon,16631318,C,4500,WAS@MIA 03/11/2021 01:05PM ET,MIA,3.30
OF,Kameron Misner (16631319),Kameron Misner,16631319,OF,4500,WAS@MIA 03/11/2021 01:05PM ET,MIA,0
OF,JJ Bleday (16631320),JJ Bleday,16631320,OF,4500,WAS@MIA 03/11/2021 01:05PM ET,MIA,0
RP,Alexander Guillen (16631321),Alexander Guillen,16631321,P,4500,WAS@MIA 03/11/2021 01:05PM ET,MIA,0
C,Santiago Chavez (16631322),Santiago Chavez,16631322,C,4500,WAS@MIA 03/11/2021 01:05PM ET,MIA,0
C,Will Banfield (16631323),Will Banfield,16631323,C,4500,WAS@MIA 03/11/2021 01:05PM ET,MIA,0
OF,Victor Victor Mesa (16631324),Victor Victor Mesa,16631324,OF,4500,WAS@MIA 03/11/2021 01:05PM ET,MIA,0
OF,Brian Miller (16631325),Brian Miller,16631325,OF,4500,WAS@MIA 03/11/2021 01:05PM ET,MIA,0
OF,Peyton Burdick (16631326),Peyton Burdick,16631326,OF,4500,WAS@MIA 03/11/2021 01:05PM ET,MIA,0
OF,Connor Scott (16631327),Connor Scott,16631327,OF,4500,WAS@MIA 03/11/2021 01:05PM ET,MIA,0
2B/3B,Eddy Alvarez (16631328),Eddy Alvarez,16631328,2B/3B,4500,WAS@MIA 03/11/2021 01:05PM ET,MIA,4.75
RP,Tommy Eveld (16631330),Tommy Eveld,16631330,P,4500,WAS@MIA 03/11/2021 01:05PM ET,MIA,0
RP,Shawn Morimando (16631331),Shawn Morimando,16631331,P,4500,WAS@MIA 03/11/2021 01:05PM ET,MIA,0
RP,Trevor Hildenberger (16631332),Trevor Hildenberger,16631332,P,4500,WAS@MIA 03/11/2021 01:05PM ET,MIA,0
RP,Jerry Blevins (16631333),Jerry Blevins,16631333,P,4500,WAS@MIA 03/11/2021 01:05PM ET,MIA,0
1B,Luke Voit (16631334),Luke Voit,16631334,1B,4500,NYY@PHI 03/11/2021 01:05PM ET,NYY,9.79
1B,Mike Ford (16631335),Mike Ford,16631335,1B,4500,NYY@PHI 03/11/2021 01:05PM ET,NYY,3.19
2B,DJ LeMahieu (16631336),DJ LeMahieu,16631336,2B,4500,NYY@PHI 03/11/2021 01:05PM ET,NYY,9.70
3B,Gio Urshela (16631337),Gio Urshela,16631337,3B,4500,NYY@PHI 03/11/2021 01:05PM ET,NYY,7.88
3B,Miguel Andujar (16631338),Miguel Andujar,16631338,3B,4500,NYY@PHI 03/11/2021 01:05PM ET,NYY,4.14
SS,Gleyber Torres (16631339),Gleyber Torres,16631339,SS,4500,NYY@PHI 03/11/2021 01:05PM ET,NYY,7
SS,Oswald Peraza (16631340),Oswald Peraza,16631340,SS,4500,NYY@PHI 03/11/2021 01:05PM ET,NYY,0
C,Kyle Higashioka (16631341),Kyle Higashioka,16631341,C,4500,NYY@PHI 03/11/2021 01:05PM ET,NYY,6.29
C,Gary Sanchez (16631342),Gary Sanchez,16631342,C,4500,NYY@PHI 03/11/2021 01:05PM ET,NYY,5.67
OF,Aaron Judge (16631343),Aaron Judge,16631343,OF,4500,NYY@PHI 03/11/2021 01:05PM ET,NYY,9.09
OF,Mike Tauchman (16631344),Mike Tauchman,16631344,OF,4500,NYY@PHI 03/11/2021 01:05PM ET,NYY,4.70
OF,Estevan Florial (16631345),Estevan Florial,16631345,OF,4500,NYY@PHI 03/11/2021 01:05PM ET,NYY,3
OF,Brett Gardner (16631346),Brett Gardner,16631346,OF,4500,NYY@PHI 03/11/2021 01:05PM ET,NYY,6.07
OF,Giancarlo Stanton (16631347),Giancarlo Stanton,16631347,OF,4500,NYY@PHI 03/11/2021 01:05PM ET,NYY,10
OF,Clint Frazier (16631348),Clint Frazier,16631348,OF,4500,NYY@PHI 03/11/2021 01:05PM ET,NYY,8.51
OF,Aaron Hicks (16631349),Aaron Hicks,16631349,OF,4500,NYY@PHI 03/11/2021 01:05PM ET,NYY,7.36
2B/OF,Tyler Wade (16631350),Tyler Wade,16631350,2B/OF,4500,NYY@PHI 03/11/2021 01:05PM ET,NYY,3.29
2B/SS,Thairo Estrada (16631352),Thairo Estrada,16631352,2B/SS,4500,NYY@PHI 03/11/2021 01:05PM ET,NYY,2.54
SP,Jordan Montgomery (16631354),Jordan Montgomery,16631354,P,4500,NYY@PHI 03/11/2021 01:05PM ET,NYY,11.54
SP,Gerrit Cole (16631355),Gerrit Cole,16631355,P,4500,NYY@PHI 03/11/2021 01:05PM ET,NYY,25.67
SP,Deivi Garcia (16631356),Deivi Garcia,16631356,P,4500,NYY@PHI 03/11/2021 01:05PM ET,NYY,13.01
SP,Jameson Taillon (16631357),Jameson Taillon,16631357,P,4500,NYY@PHI 03/11/2021 01:05PM ET,NYY,0
SP,Domingo German (16631358),Domingo German,16631358,P,4500,NYY@PHI 03/11/2021 01:05PM ET,NYY,0
SP,Alexander Vizcaino (16631359),Alexander Vizcaino,16631359,P,4500,NYY@PHI 03/11/2021 01:05PM ET,NYY,0
SP,Jonathan Loaisiga (16631360),Jonathan Loaisiga,16631360,P,4500,NYY@PHI 03/11/2021 01:05PM ET,NYY,4.96
SP,Albert Abreu (16631361),Albert Abreu,16631361,P,4500,NYY@PHI 03/11/2021 01:05PM ET,NYY,-1.6
SP,Corey Kluber (16631362),Corey Kluber,16631362,P,4500,NYY@PHI 03/11/2021 01:05PM ET,NYY,3.65
SP,Luis Medina (16631363),Luis Medina,16631363,P,4500,NYY@PHI 03/11/2021 01:05PM ET,NYY,0
SP,Nick Nelson (16631364),Nick Nelson,16631364,P,4500,NYY@PHI 03/11/2021 01:05PM ET,NYY,4.14
SP,Clarke Schmidt (16631365),Clarke Schmidt,16631365,P,4500,NYY@PHI 03/11/2021 01:05PM ET,NYY,3.28
SP,Yoendrys Gomez (16631366),Yoendrys Gomez,16631366,P,4500,NYY@PHI 03/11/2021 01:05PM ET,NYY,0
RP,Justin Wilson (16631367),Justin Wilson,16631367,P,4500,NYY@PHI 03/11/2021 01:05PM ET,NYY,2.85
RP,Chad Green (16631368),Chad Green,16631368,P,4500,NYY@PHI 03/11/2021 01:05PM ET,NYY,4.81
RP,Michael King (16631369),Michael King,16631369,P,4500,NYY@PHI 03/11/2021 01:05PM ET,NYY,5.07
RP,Luis Gil (16631370),Luis Gil,16631370,P,4500,NYY@PHI 03/11/2021 01:05PM ET,NYY,0
RP,Zack Britton (16631371),Zack Britton,16631371,P,4500,NYY@PHI 03/11/2021 01:05PM ET,NYY,3.26
RP,Aroldis Chapman (16631372),Aroldis Chapman,16631372,P,4500,NYY@PHI 03/11/2021 01:05PM ET,NYY,5.40
RP,Darren O'Day (16631373),Darren O'Day,16631373,P,4500,NYY@PHI 03/11/2021 01:05PM ET,NYY,3.57
RP,Brooks Kriske (16631374),Brooks Kriske,16631374,P,4500,NYY@PHI 03/11/2021 01:05PM ET,NYY,1.56
RP,Luis Cessa (16631375),Luis Cessa,16631375,P,4500,NYY@PHI 03/11/2021 01:05PM ET,NYY,3.05
C,Rob Brantly (16631376),Rob Brantly,16631376,C,4500,NYY@PHI 03/11/2021 01:05PM ET,NYY,0
C,Robinson Chirinos (16631377),Robinson Chirinos,16631377,C,4500,NYY@PHI 03/11/2021 01:05PM ET,NYY,3.27
OF,Michael Beltre (16631378),Michael Beltre,16631378,OF,4500,NYY@PHI 03/11/2021 01:05PM ET,NYY,0
OF,Ryan LaMarre (16631379),Ryan LaMarre,16631379,OF,4500,NYY@PHI 03/11/2021 01:05PM ET,NYY,0
OF,Socrates Brito (16631380),Socrates Brito,16631380,OF,4500,NYY@PHI 03/11/2021 01:05PM ET,NYY,0
1B/OF,Jay Bruce (16631381),Jay Bruce,16631381,1B/OF,4500,NYY@PHI 03/11/2021 01:05PM ET,NYY,5.66
2B/3B,Andrew Velazquez (16631383),Andrew Velazquez,16631383,2B/3B,4500,NYY@PHI 03/11/2021 01:05PM ET,NYY,2.62
2B/OF,Derek Dietrich (16631385),Derek Dietrich,16631385,2B/OF,4500,NYY@PHI 03/11/2021 01:05PM ET,NYY,5.6
2B/SS,Ezequiel Duran (16631387),Ezequiel Duran,16631387,2B/SS,4500,NYY@PHI 03/11/2021 01:05PM ET,NYY,0
SP,Asher Wojciechowski (16631389),Asher Wojciechowski,16631389,P,4500,NYY@PHI 03/11/2021 01:05PM ET,NYY,5.66
SP,Jhoulys Chacin (16631390),Jhoulys Chacin,16631390,P,4500,NYY@PHI 03/11/2021 01:05PM ET,NYY,3.92
RP,Nestor Cortes Jr. (16631391),Nestor Cortes Jr.,16631391,P,4500,NYY@PHI 03/11/2021 01:05PM ET,NYY,-0.95
RP,Adam Warren (16631392),Adam Warren,16631392,P,4500,NYY@PHI 03/11/2021 01:05PM ET,NYY,0
RP,Lucas Luetge (16631393),Lucas Luetge,16631393,P,4500,NYY@PHI 03/11/2021 01:05PM ET,NYY,0
RP,Luis Garcia (16631394),Luis Garcia,16631394,P,4500,NYY@PHI 03/11/2021 01:05PM ET,NYY,1.40
RP,Tyler Lyons (16631395),Tyler Lyons,16631395,P,4500,NYY@PHI 03/11/2021 01:05PM ET,NYY,-7.25
RP,Nick Goody (16631396),Nick Goody,16631396,P,4500,NYY@PHI 03/11/2021 01:05PM ET,NYY,0.92
RP,Kyle Barraclough (16631397),Kyle Barraclough,16631397,P,4500,NYY@PHI 03/11/2021 01:05PM ET,NYY,0
C,Austin Wells (16631398),Austin Wells,16631398,C,4500,NYY@PHI 03/11/2021 01:05PM ET,NYY,0
C,Josh Breaux (16631399),Josh Breaux,16631399,C,4500,NYY@PHI 03/11/2021 01:05PM ET,NYY,0
C,Max McDowell (16631400),Max McDowell,16631400,C,4500,NYY@PHI 03/11/2021 01:05PM ET,NYY,0
OF,Greg Allen (16631401),Greg Allen,16631401,OF,4500,NYY@PHI 03/11/2021 01:05PM ET,NYY,3.56
RP,Reggie McClain (16631402),Reggie McClain,16631402,P,4500,NYY@PHI 03/11/2021 01:05PM ET,NYY,0.56
RP,Addison Russ (16631403),Addison Russ,16631403,P,4500,NYY@PHI 03/11/2021 01:05PM ET,NYY,0
SP,Andrew Moore (16631404),Andrew Moore,16631404,P,4500,NYY@PHI 03/11/2021 01:05PM ET,NYY,0
1B,Rhys Hoskins (16631405),Rhys Hoskins,16631405,1B,4500,NYY@PHI 03/11/2021 01:05PM ET,PHI,9.61
1B,Brad Miller (16631406),Brad Miller,16631406,1B,4500,NYY@PHI 03/11/2021 01:05PM ET,PHI,6.57
2B,Jean Segura (16631407),Jean Segura,16631407,2B,4500,NYY@PHI 03/11/2021 01:05PM ET,PHI,7.15
3B,Alec Bohm (16631408),Alec Bohm,16631408,3B,4500,NYY@PHI 03/11/2021 01:05PM ET,PHI,7.89
SS,Didi Gregorius (16631409),Didi Gregorius,16631409,SS,4500,NYY@PHI 03/11/2021 01:05PM ET,PHI,8.07
SS,C.J. Chatham (16631410),C.J. Chatham,16631410,SS,4500,NYY@PHI 03/11/2021 01:05PM ET,PHI,0
SS,Nick Maton (16631411),Nick Maton,16631411,SS,4500,NYY@PHI 03/11/2021 01:05PM ET,PHI,0
C,J.T. Realmuto (16631412),J.T. Realmuto,16631412,C,4500,NYY@PHI 03/11/2021 01:05PM ET,PHI,8.96
C,Rafael Marchan (16631413),Rafael Marchan,16631413,C,4500,NYY@PHI 03/11/2021 01:05PM ET,PHI,11
C,Andrew Knapp (16631414),Andrew Knapp,16631414,C,4500,NYY@PHI 03/11/2021 01:05PM ET,PHI,5.06
OF,Bryce Harper (16631415),Bryce Harper,16631415,OF,4500,NYY@PHI 03/11/2021 01:05PM ET,PHI,9.69
OF,Adam Haseley (16631416),Adam Haseley,16631416,OF,4500,NYY@PHI 03/11/2021 01:05PM ET,PHI,3.35
OF,Simon Muzziotti (16631417),Simon Muzziotti,16631417,OF,4500,NYY@PHI 03/11/2021 01:05PM ET,PHI,0
OF,Mickey Moniak (16631418),Mickey Moniak,16631418,OF,4500,NYY@PHI 03/11/2021 01:05PM ET,PHI,2.88
OF,Roman Quinn (16631419),Roman Quinn,16631419,OF,4500,NYY@PHI 03/11/2021 01:05PM ET,PHI,5.12
OF,Andrew McCutchen (16631420),Andrew McCutchen,16631420,OF,4500,NYY@PHI 03/11/2021 01:05PM ET,PHI,7.91
OF/SS,Scott Kingery (16631421),Scott Kingery,16631421,SS/OF,4500,NYY@PHI 03/11/2021 01:05PM ET,PHI,3.92
SP,Adonis Medina (16631423),Adonis Medina,16631423,P,4500,NYY@PHI 03/11/2021 01:05PM ET,PHI,9.4
SP,Damon Jones (16631424),Damon Jones,16631424,P,4500,NYY@PHI 03/11/2021 01:05PM ET,PHI,0
SP,Cristopher Sanchez (16631425),Cristopher Sanchez,16631425,P,4500,NYY@PHI 03/11/2021 01:05PM ET,PHI,0
SP,Francisco Morales (16631426),Francisco Morales,16631426,P,4500,NYY@PHI 03/11/2021 01:05PM ET,PHI,0
SP,Chase Anderson (16631427),Chase Anderson,16631427,P,4500,NYY@PHI 03/11/2021 01:05PM ET,PHI,6.82
SP,Aaron Nola (16631428),Aaron Nola,16631428,P,4500,NYY@PHI 03/11/2021 01:05PM ET,PHI,23.38
SP,Zach Eflin (16631429),Zach Eflin,16631429,P,4500,NYY@PHI 03/11/2021 01:05PM ET,PHI,17.83
SP,Matt Moore (16631430),Matt Moore,16631430,P,4500,NYY@PHI 03/11/2021 01:05PM ET,PHI,0
SP,Bailey Falter (16631431),Bailey Falter,16631431,P,4500,NYY@PHI 03/11/2021 01:05PM ET,PHI,0
SP,JoJo Romero (16631432),JoJo Romero,16631432,P,4500,NYY@PHI 03/11/2021 01:05PM ET,PHI,1.32
SP,Spencer Howard (16631433),Spencer Howard,16631433,P,4500,NYY@PHI 03/11/2021 01:05PM ET,PHI,8.02
SP,Zack Wheeler (16631434),Zack Wheeler,16631434,P,4500,NYY@PHI 03/11/2021 01:05PM ET,PHI,16.52
SP,Ranger Suarez (16631435),Ranger Suarez,16631435,P,4500,NYY@PHI 03/11/2021 01:05PM ET,PHI,-5.33
SP,Vince Velasquez (16631436),Vince Velasquez,16631436,P,4500,NYY@PHI 03/11/2021 01:05PM ET,PHI,10.77
RP,Hector Neris (16631437),Hector Neris,16631437,P,4500,NYY@PHI 03/11/2021 01:05PM ET,PHI,2.77
RP,David Hale (16631438),David Hale,16631438,P,4500,NYY@PHI 03/11/2021 01:05PM ET,PHI,3.28
RP,Sam Coonrod (16631439),Sam Coonrod,16631439,P,4500,NYY@PHI 03/11/2021 01:05PM ET,PHI,0.86
RP,Connor Brogdon (16631440),Connor Brogdon,16631440,P,4500,NYY@PHI 03/11/2021 01:05PM ET,PHI,5.28
RP,Archie Bradley (16631441),Archie Bradley,16631441,P,4500,NYY@PHI 03/11/2021 01:05PM ET,PHI,3.42
RP,Mauricio Llovera (16631442),Mauricio Llovera,16631442,P,4500,NYY@PHI 03/11/2021 01:05PM ET,PHI,-7.95
RP,Kyle Dohy (16631443),Kyle Dohy,16631443,P,4500,NYY@PHI 03/11/2021 01:05PM ET,PHI,0
RP,Jose Alvarado (16631444),Jose Alvarado,16631444,P,4500,NYY@PHI 03/11/2021 01:05PM ET,PHI,3.04
RP,Ramon Rosso (16631445),Ramon Rosso,16631445,P,4500,NYY@PHI 03/11/2021 01:05PM ET,PHI,2.71
SS,Bryson Stott (16631446),Bryson Stott,16631446,SS,4500,NYY@PHI 03/11/2021 01:05PM ET,PHI,0
C,Rodolfo Duran (16631447),Rodolfo Duran,16631447,C,4500,NYY@PHI 03/11/2021 01:05PM ET,PHI,0
C,Jeff Mathis (16631448),Jeff Mathis,16631448,C,4500,NYY@PHI 03/11/2021 01:05PM ET,PHI,4.29
OF,Matt Joyce (16631449),Matt Joyce,16631449,OF,4500,NYY@PHI 03/11/2021 01:05PM ET,PHI,4.65
OF,Travis Jankowski (16631450),Travis Jankowski,16631450,OF,4500,NYY@PHI 03/11/2021 01:05PM ET,PHI,1.65
OF,Odubel Herrera (16631451),Odubel Herrera,16631451,OF,4500,NYY@PHI 03/11/2021 01:05PM ET,PHI,0
2B/SS,Ronald Torreyes (16631452),Ronald Torreyes,16631452,2B/SS,4500,NYY@PHI 03/11/2021 01:05PM ET,PHI,1.75
SP,Enyel De Los Santos (16631454),Enyel De Los Santos,16631454,P,4500,NYY@PHI 03/11/2021 01:05PM ET,PHI,0
SP,Ivan Nova (16631455),Ivan Nova,16631455,P,4500,NYY@PHI 03/11/2021 01:05PM ET,PHI,2.54
RP,JD Hammer (16631456),JD Hammer,16631456,P,4500,NYY@PHI 03/11/2021 01:05PM ET,PHI,0
RP,Hector Rondon (16631457),Hector Rondon,16631457,P,4500,NYY@PHI 03/11/2021 01:05PM ET,PHI,1.69
RP,Brandon Kintzler (16631458),Brandon Kintzler,16631458,P,4500,NYY@PHI 03/11/2021 01:05PM ET,PHI,2.76
C,Logan O'Hoppe (16631459),Logan O'Hoppe,16631459,C,4500,NYY@PHI 03/11/2021 01:05PM ET,PHI,0
RP,Tony Watson (16631460),Tony Watson,16631460,P,4500,NYY@PHI 03/11/2021 01:05PM ET,PHI,2.59
C,Christian Bethancourt (16631461),Christian Bethancourt,16631461,C,4500,NYY@PHI 03/11/2021 01:05PM ET,PHI,0
SP,Bryan Mitchell (16631462),Bryan Mitchell,16631462,P,4500,NYY@PHI 03/11/2021 01:05PM ET,PHI,0
RP,Michael Ynoa (16631463),Michael Ynoa,16631463,P,4500,NYY@PHI 03/11/2021 01:05PM ET,PHI,0
3B,Rafael Devers (16631464),Rafael Devers,16631464,3B,4500,BOS@MIN 03/11/2021 01:05PM ET,BOS,8.40
3B,Bobby Dalbec (16631465),Bobby Dalbec,16631465,3B,4500,BOS@MIN 03/11/2021 01:05PM ET,BOS,9
SS,Hudson Potts (16631466),Hudson Potts,16631466,SS,4500,BOS@MIN 03/11/2021 01:05PM ET,BOS,0
SS,Xander Bogaerts (16631467),Xander Bogaerts,16631467,SS,4500,BOS@MIN 03/11/2021 01:05PM ET,BOS,8.68
C,Kevin Plawecki (16631468),Kevin Plawecki,16631468,C,4500,BOS@MIN 03/11/2021 01:05PM ET,BOS,7.29
C,Ronaldo Hernandez (16631469),Ronaldo Hernandez,16631469,C,4500,BOS@MIN 03/11/2021 01:05PM ET,BOS,0
C,Christian Vazquez (16631470),Christian Vazquez,16631470,C,4500,BOS@MIN 03/11/2021 01:05PM ET,BOS,7.57
C,Connor Wong (16631471),Connor Wong,16631471,C,4500,BOS@MIN 03/11/2021 01:05PM ET,BOS,0
OF,Marcus Wilson (16631472),Marcus Wilson,16631472,OF,4500,BOS@MIN 03/11/2021 01:05PM ET,BOS,0
OF,Hunter Renfroe (16631473),Hunter Renfroe,16631473,OF,4500,BOS@MIN 03/11/2021 01:05PM ET,BOS,5.43
OF,Jeisson Rosario (16631474),Jeisson Rosario,16631474,OF,4500,BOS@MIN 03/11/2021 01:05PM ET,BOS,0
OF,J.D. Martinez (16631475),J.D. Martinez,16631475,OF,4500,BOS@MIN 03/11/2021 01:05PM ET,BOS,6.80
OF,Alex Verdugo (16631476),Alex Verdugo,16631476,OF,4500,BOS@MIN 03/11/2021 01:05PM ET,BOS,7.92
1B/2B,Michael Chavis (16631477),Michael Chavis,16631477,1B/2B,4500,BOS@MIN 03/11/2021 01:05PM ET,BOS,6.02
1B/OF,Marwin Gonzalez (16631479),Marwin Gonzalez,16631479,1B/OF,4500,BOS@MIN 03/11/2021 01:05PM ET,BOS,5
2B/OF,Kike Hernandez (16631481),Kike Hernandez,16631481,2B/OF,4500,BOS@MIN 03/11/2021 01:05PM ET,BOS,4.72
2B/SS,Jonathan Arauz (16631483),Jonathan Arauz,16631483,2B/SS,4500,BOS@MIN 03/11/2021 01:05PM ET,BOS,4.6
3B/SS,Christian Arroyo (16631485),Christian Arroyo,16631485,3B/SS,4500,BOS@MIN 03/11/2021 01:05PM ET,BOS,6.47
SP,Nick Pivetta (16631487),Nick Pivetta,16631487,P,4500,BOS@MIN 03/11/2021 01:05PM ET,BOS,7.65
SP,Martin Perez (16631488),Martin Perez,16631488,P,4500,BOS@MIN 03/11/2021 01:05PM ET,BOS,10.82
SP,Eduardo Rodriguez (16631489),Eduardo Rodriguez,16631489,P,4500,BOS@MIN 03/11/2021 01:05PM ET,BOS,0
SP,Garrett Whitlock (16631490),Garrett Whitlock,16631490,P,4500,BOS@MIN 03/11/2021 01:05PM ET,BOS,0
SP,Bryan Mata (16631491),Bryan Mata,16631491,P,4500,BOS@MIN 03/11/2021 01:05PM ET,BOS,0
SP,Nathan Eovaldi (16631492),Nathan Eovaldi,16631492,P,4500,BOS@MIN 03/11/2021 01:05PM ET,BOS,16.84
SP,Tanner Houck (16631493),Tanner Houck,16631493,P,4500,BOS@MIN 03/11/2021 01:05PM ET,BOS,26.88
SP,Darwinzon Hernandez (16631494),Darwinzon Hernandez,16631494,P,4500,BOS@MIN 03/11/2021 01:05PM ET,BOS,5.19
SP,Garrett Richards (16631495),Garrett Richards,16631495,P,4500,BOS@MIN 03/11/2021 01:05PM ET,BOS,7.8
SP,Connor Seabold (16631496),Connor Seabold,16631496,P,4500,BOS@MIN 03/11/2021 01:05PM ET,BOS,0
SP,Jay Groome (16631497),Jay Groome,16631497,P,4500,BOS@MIN 03/11/2021 01:05PM ET,BOS,0
RP,Matt Andriese (16631498),Matt Andriese,16631498,P,4500,BOS@MIN 03/11/2021 01:05PM ET,BOS,5.89
RP,Hirokazu Sawamura (16631499),Hirokazu Sawamura,16631499,P,4500,BOS@MIN 03/11/2021 01:05PM ET,BOS,0
RP,Matt Barnes (16631500),Matt Barnes,16631500,P,4500,BOS@MIN 03/11/2021 01:05PM ET,BOS,3.14
RP,Adam Ottavino (16631501),Adam Ottavino,16631501,P,4500,BOS@MIN 03/11/2021 01:05PM ET,BOS,2.25
RP,Josh Taylor (16631502),Josh Taylor,16631502,P,4500,BOS@MIN 03/11/2021 01:05PM ET,BOS,1.34
RP,Phillips Valdez (16631503),Phillips Valdez,16631503,P,4500,BOS@MIN 03/11/2021 01:05PM ET,BOS,3.29
RP,Eduard Bazardo (16631504),Eduard Bazardo,16631504,P,4500,BOS@MIN 03/11/2021 01:05PM ET,BOS,0
RP,Ryan Brasier (16631505),Ryan Brasier,16631505,P,4500,BOS@MIN 03/11/2021 01:05PM ET,BOS,3.09
RP,Austin Brice (16631506),Austin Brice,16631506,P,4500,BOS@MIN 03/11/2021 01:05PM ET,BOS,2.53
RP,Colten Brewer (16631507),Colten Brewer,16631507,P,4500,BOS@MIN 03/11/2021 01:05PM ET,BOS,4.38
RP,John Schreiber (16631508),John Schreiber,16631508,P,4500,BOS@MIN 03/11/2021 01:05PM ET,BOS,1.79
1B,Josh Ockimey (16631509),Josh Ockimey,16631509,1B,4500,BOS@MIN 03/11/2021 01:05PM ET,BOS,0
2B,Nick Yorke (16631510),Nick Yorke,16631510,2B,4500,BOS@MIN 03/11/2021 01:05PM ET,BOS,0
SS,Jeter Downs (16631511),Jeter Downs,16631511,SS,4500,BOS@MIN 03/11/2021 01:05PM ET,BOS,0
SS,Yairo Munoz (16631512),Yairo Munoz,16631512,SS,4500,BOS@MIN 03/11/2021 01:05PM ET,BOS,7.67
C,Jett Bandy (16631513),Jett Bandy,16631513,C,4500,BOS@MIN 03/11/2021 01:05PM ET,BOS,0
OF,Jarren Duran (16631514),Jarren Duran,16631514,OF,4500,BOS@MIN 03/11/2021 01:05PM ET,BOS,0
OF,Michael Gettys (16631515),Michael Gettys,16631515,OF,4500,BOS@MIN 03/11/2021 01:05PM ET,BOS,0
OF,Cesar Puello (16631516),Cesar Puello,16631516,OF,4500,BOS@MIN 03/11/2021 01:05PM ET,BOS,3
SP,Stephen Gonsalves (16631517),Stephen Gonsalves,16631517,P,4500,BOS@MIN 03/11/2021 01:05PM ET,BOS,0
SP,Kyle Hart (16631518),Kyle Hart,16631518,P,4500,BOS@MIN 03/11/2021 01:05PM ET,BOS,-1.91
SP,Thad Ward (16631519),Thad Ward,16631519,P,4500,BOS@MIN 03/11/2021 01:05PM ET,BOS,0
RP,Ryan Weber (16631520),Ryan Weber,16631520,P,4500,BOS@MIN 03/11/2021 01:05PM ET,BOS,4.48
RP,Durbin Feltman (16631521),Durbin Feltman,16631521,P,4500,BOS@MIN 03/11/2021 01:05PM ET,BOS,0
RP,Kevin McCarthy (16631522),Kevin McCarthy,16631522,P,4500,BOS@MIN 03/11/2021 01:05PM ET,BOS,0.74
OF,Gilberto Jimenez (16631523),Gilberto Jimenez,16631523,OF,4500,BOS@MIN 03/11/2021 01:05PM ET,BOS,0
RP,Caleb Simpson (16631524),Caleb Simpson,16631524,P,4500,BOS@MIN 03/11/2021 01:05PM ET,BOS,0
RP,Zac Grotz (16631525),Zac Grotz,16631525,P,4500,BOS@MIN 03/11/2021 01:05PM ET,BOS,-3.02
RP,Matt Hall (16631526),Matt Hall,16631526,P,4500,BOS@MIN 03/11/2021 01:05PM ET,BOS,-3.82
SP,Daniel Gossett (16631527),Daniel Gossett,16631527,P,4500,BOS@MIN 03/11/2021 01:05PM ET,BOS,0
1B,Miguel Sano (16631528),Miguel Sano,16631528,1B,4500,BOS@MIN 03/11/2021 01:05PM ET,MIN,6.98
2B,Luis Arraez (16631529),Luis Arraez,16631529,2B,4500,BOS@MIN 03/11/2021 01:05PM ET,MIN,6
2B,Travis Blankenhorn (16631530),Travis Blankenhorn,16631530,2B,4500,BOS@MIN 03/11/2021 01:05PM ET,MIN,7
3B,Josh Donaldson (16631531),Josh Donaldson,16631531,3B,4500,BOS@MIN 03/11/2021 01:05PM ET,MIN,6.79
SS,Andrelton Simmons (16631532),Andrelton Simmons,16631532,SS,4500,BOS@MIN 03/11/2021 01:05PM ET,MIN,6.83
SS,Nick Gordon (16631533),Nick Gordon,16631533,SS,4500,BOS@MIN 03/11/2021 01:05PM ET,MIN,0
C,Ryan Jeffers (16631534),Ryan Jeffers,16631534,C,4500,BOS@MIN 03/11/2021 01:05PM ET,MIN,3.71
C,Mitch Garver (16631535),Mitch Garver,16631535,C,4500,BOS@MIN 03/11/2021 01:05PM ET,MIN,3.92
C,Ben Rortvedt (16631536),Ben Rortvedt,16631536,C,4500,BOS@MIN 03/11/2021 01:05PM ET,MIN,0
OF,Gilberto Celestino (16631537),Gilberto Celestino,16631537,OF,4500,BOS@MIN 03/11/2021 01:05PM ET,MIN,0
OF,Jake Cave (16631538),Jake Cave,16631538,OF,4500,BOS@MIN 03/11/2021 01:05PM ET,MIN,4.72
OF,Byron Buxton (16631539),Byron Buxton,16631539,OF,4500,BOS@MIN 03/11/2021 01:05PM ET,MIN,7.61
OF,Max Kepler (16631540),Max Kepler,16631540,OF,4500,BOS@MIN 03/11/2021 01:05PM ET,MIN,7.38
OF,Brent Rooker (16631541),Brent Rooker,16631541,OF,4500,BOS@MIN 03/11/2021 01:05PM ET,MIN,7.29
OF,Kyle Garlick (16631542),Kyle Garlick,16631542,OF,4500,BOS@MIN 03/11/2021 01:05PM ET,MIN,1.58
OF,Alex Kirilloff (16631543),Alex Kirilloff,16631543,OF,4500,BOS@MIN 03/11/2021 01:05PM ET,MIN,3
OF,Nelson Cruz (16631544),Nelson Cruz,16631544,OF,4500,BOS@MIN 03/11/2021 01:05PM ET,MIN,9.09
3B/C,Willians Astudillo (16631545),Willians Astudillo,16631545,C/3B,4500,BOS@MIN 03/11/2021 01:05PM ET,MIN,3.89
3B/SS,Jorge Polanco (16631547),Jorge Polanco,16631547,3B/SS,4500,BOS@MIN 03/11/2021 01:05PM ET,MIN,5.98
SP,Shaun Anderson (16631549),Shaun Anderson,16631549,P,4500,BOS@MIN 03/11/2021 01:05PM ET,MIN,2.52
SP,Michael Pineda (16631550),Michael Pineda,16631550,P,4500,BOS@MIN 03/11/2021 01:05PM ET,MIN,15.64
SP,Kenta Maeda (16631551),Kenta Maeda,16631551,P,4500,BOS@MIN 03/11/2021 01:05PM ET,MIN,23.52
SP,Edwar Colina (16631552),Edwar Colina,16631552,P,4500,BOS@MIN 03/11/2021 01:05PM ET,MIN,-8.85
SP,Jose Berrios (16631553),Jose Berrios,16631553,P,4500,BOS@MIN 03/11/2021 01:05PM ET,MIN,15.77
SP,Jhoan Duran (16631554),Jhoan Duran,16631554,P,4500,BOS@MIN 03/11/2021 01:05PM ET,MIN,0
SP,Dakota Chalmers (16631555),Dakota Chalmers,16631555,P,4500,BOS@MIN 03/11/2021 01:05PM ET,MIN,0
SP,Bailey Ober (16631556),Bailey Ober,16631556,P,4500,BOS@MIN 03/11/2021 01:05PM ET,MIN,0
SP,Jordan Balazovic (16631557),Jordan Balazovic,16631557,P,4500,BOS@MIN 03/11/2021 01:05PM ET,MIN,0
SP,Matt Shoemaker (16631558),Matt Shoemaker,16631558,P,4500,BOS@MIN 03/11/2021 01:05PM ET,MIN,11.06
SP,J.A. Happ (16631559),J.A. Happ,16631559,P,4500,BOS@MIN 03/11/2021 01:05PM ET,MIN,13.04
RP,Caleb Thielbar (16631560),Caleb Thielbar,16631560,P,4500,BOS@MIN 03/11/2021 01:05PM ET,MIN,4.08
RP,Tyler Duffey (16631561),Tyler Duffey,16631561,P,4500,BOS@MIN 03/11/2021 01:05PM ET,MIN,4.25
RP,Taylor Rogers (16631562),Taylor Rogers,16631562,P,4500,BOS@MIN 03/11/2021 01:05PM ET,MIN,2.82
RP,Cody Stashak (16631563),Cody Stashak,16631563,P,4500,BOS@MIN 03/11/2021 01:05PM ET,MIN,4.77
RP,Alex Colome (16631564),Alex Colome,16631564,P,4500,BOS@MIN 03/11/2021 01:05PM ET,MIN,3.43
RP,Jorge Alcala (16631565),Jorge Alcala,16631565,P,4500,BOS@MIN 03/11/2021 01:05PM ET,MIN,5.29
RP,Lewis Thorpe (16631566),Lewis Thorpe,16631566,P,4500,BOS@MIN 03/11/2021 01:05PM ET,MIN,2.05
RP,Devin Smeltzer (16631567),Devin Smeltzer,16631567,P,4500,BOS@MIN 03/11/2021 01:05PM ET,MIN,5
RP,Hansel Robles (16631568),Hansel Robles,16631568,P,4500,BOS@MIN 03/11/2021 01:05PM ET,MIN,1.19
RP,Randy Dobnak (16631569),Randy Dobnak,16631569,P,4500,BOS@MIN 03/11/2021 01:05PM ET,MIN,10.08
1B,Aaron Sabato (16631570),Aaron Sabato,16631570,1B,4500,BOS@MIN 03/11/2021 01:05PM ET,MIN,0
3B,Jose Miranda (16631571),Jose Miranda,16631571,3B,4500,BOS@MIN 03/11/2021 01:05PM ET,MIN,0
SS,Andrew Romine (16631572),Andrew Romine,16631572,SS,4500,BOS@MIN 03/11/2021 01:05PM ET,MIN,3.5
C,Caleb Hamilton (16631573),Caleb Hamilton,16631573,C,4500,BOS@MIN 03/11/2021 01:05PM ET,MIN,0
C,Tomas Telis (16631574),Tomas Telis,16631574,C,4500,BOS@MIN 03/11/2021 01:05PM ET,MIN,0
OF,Keon Broxton (16631575),Keon Broxton,16631575,OF,4500,BOS@MIN 03/11/2021 01:05PM ET,MIN,0
OF,Rob Refsnyder (16631576),Rob Refsnyder,16631576,OF,4500,BOS@MIN 03/11/2021 01:05PM ET,MIN,2.4
2B/3B,Drew Maggi (16631577),Drew Maggi,16631577,2B/3B,4500,BOS@MIN 03/11/2021 01:05PM ET,MIN,0
2B/SS,Tzu-Wei Lin (16631579),Tzu-Wei Lin,16631579,2B/SS,4500,BOS@MIN 03/11/2021 01:05PM ET,MIN,1.54
2B/SS,JT Riddle (16631581),JT Riddle,16631581,2B/SS,4500,BOS@MIN 03/11/2021 01:05PM ET,MIN,2.68
RP,Glenn Sparkman (16631583),Glenn Sparkman,16631583,P,4500,BOS@MIN 03/11/2021 01:05PM ET,MIN,0.81
RP,Luke Farrell (16631584),Luke Farrell,16631584,P,4500,BOS@MIN 03/11/2021 01:05PM ET,MIN,2.85
RP,Brandon Waddell (16631585),Brandon Waddell,16631585,P,4500,BOS@MIN 03/11/2021 01:05PM ET,MIN,3.55
1B,Zander Wiel (16631586),Zander Wiel,16631586,1B,4500,BOS@MIN 03/11/2021 01:05PM ET,MIN,0
OF,Trevor Larnach (16631587),Trevor Larnach,16631587,OF,4500,BOS@MIN 03/11/2021 01:05PM ET,MIN,0
SP,Matt Canterino (16631588),Matt Canterino,16631588,P,4500,BOS@MIN 03/11/2021 01:05PM ET,MIN,0
RP,Ian Gibaut (16631589),Ian Gibaut,16631589,P,4500,BOS@MIN 03/11/2021 01:05PM ET,MIN,1.80
RP,Chandler Shepherd (16631590),Chandler Shepherd,16631590,P,4500,BOS@MIN 03/11/2021 01:05PM ET,MIN,0
RP,Ian Hamilton (16631591),Ian Hamilton,16631591,P,4500,BOS@MIN 03/11/2021 01:05PM ET,MIN,1.9
RP,Danny Coulombe (16631592),Danny Coulombe,16631592,P,4500,BOS@MIN 03/11/2021 01:05PM ET,MIN,4.5
RP,Andrew Vasquez (16631593),Andrew Vasquez,16631593,P,4500,BOS@MIN 03/11/2021 01:05PM ET,MIN,0
RP,Juan Minaya (16631594),Juan Minaya,16631594,P,4500,BOS@MIN 03/11/2021 01:05PM ET,MIN,0
RP,Andrew Albers (16631595),Andrew Albers,16631595,P,4500,BOS@MIN 03/11/2021 01:05PM ET,MIN,0
RP,Derek Law (16631596),Derek Law,16631596,P,4500,BOS@MIN 03/11/2021 01:05PM ET,MIN,0
